thedate,num,name
2020-03-23,171,Hampshire
2020-03-23,154,Southwark
2020-03-23,143,Brent
2020-03-23,137,Birmingham
2020-03-23,134,Lambeth
2020-03-23,134,Westminster
2020-03-23,115,Hertfordshire
2020-03-23,113,Harrow
2020-03-23,113,Wandsworth
2020-03-23,110,Cumbria
2020-03-23,106,Sheffield
2020-03-23,106,Ealing
2020-03-23,94,Barnet
2020-03-23,86,Lewisham
2020-03-23,85,Croydon
2020-03-23,85,Kensington and Chelsea
2020-03-23,82,Derbyshire
2020-03-23,78,Hillingdon
2020-03-23,76,Bromley
2020-03-23,76,Enfield
2020-03-23,73,Hounslow
2020-03-23,72,Hackney and City of London
2020-03-23,71,Nottinghamshire
2020-03-23,70,Newham
2020-03-23,69,Wolverhampton
2020-03-23,69,Surrey
2020-03-23,67,Greenwich
2020-03-23,67,Tower Hamlets
2020-03-23,67,Essex
2020-03-23,64,Haringey
2020-03-23,64,Kent
2020-03-23,63,Oxfordshire
2020-03-23,60,Camden
2020-03-23,59,Islington
2020-03-23,59,Lancashire
2020-03-23,58,Hammersmith and Fulham
2020-03-23,57,Merton
2020-03-23,56,Waltham Forest
2020-03-23,54,Staffordshire
2020-03-23,53,Leicestershire
2020-03-23,51,Redbridge
2020-03-23,46,Devon
2020-03-23,45,Buckinghamshire
2020-03-23,43,Bexley
2020-03-23,42,Newcastle upon Tyne
2020-03-23,42,Barking and Dagenham
2020-03-23,41,Nottingham
2020-03-23,39,Havering
2020-03-23,37,Manchester
2020-03-23,37,Walsall
2020-03-23,36,Stockport
2020-03-23,35,Liverpool
2020-03-23,35,Leeds
2020-03-23,35,Norfolk
2020-03-23,35,Warwickshire
2020-03-23,32,Gloucestershire
2020-03-23,31,Sandwell
2020-03-23,31,Richmond upon Thames
2020-03-23,30,Cambridgeshire
2020-03-23,29,Northamptonshire
2020-03-23,28,"Bristol, City of"
2020-03-23,28,Wiltshire
2020-03-23,28,Trafford
2020-03-23,28,Oldham
2020-03-23,28,West Sussex
2020-03-23,28,Worcestershire
2020-03-23,27,Tameside
2020-03-23,26,Dudley
2020-03-23,25,Portsmouth
2020-03-23,25,Cornwall and Isles of Scilly
2020-03-23,25,Salford
2020-03-23,24,Sutton
2020-03-23,24,North Yorkshire
2020-03-23,23,Derby
2020-03-23,23,Kingston upon Thames
2020-03-23,22,Leicester
2020-03-23,22,Slough
2020-03-23,22,Suffolk
2020-03-23,20,Lincolnshire
2020-03-23,19,South Gloucestershire
2020-03-23,19,Central Bedfordshire
2020-03-23,19,Rochdale
2020-03-23,19,Coventry
2020-03-23,18,Cheshire East
2020-03-23,18,Bolton
2020-03-23,18,North Tyneside
2020-03-23,17,Torbay
2020-03-23,17,Milton Keynes
2020-03-23,17,Brighton and Hove
2020-03-23,16,East Riding of Yorkshire
2020-03-23,16,Bath and North East Somerset
2020-03-23,16,Cheshire West and Chester
2020-03-23,16,Kirklees
2020-03-23,15,Luton
2020-03-23,15,Medway
2020-03-23,15,Bury
2020-03-23,15,Somerset
2020-03-23,14,County Durham
2020-03-23,14,Dorset
2020-03-23,13,Thurrock
2020-03-23,13,Windsor and Maidenhead
2020-03-23,13,Wokingham
2020-03-23,13,"Bournemouth, Christchurch and Poole"
2020-03-23,13,Sunderland
2020-03-23,13,Bradford
2020-03-23,12,Stockton on Tees
2020-03-23,12,Wirral
2020-03-23,12,Rotherham
2020-03-23,12,Wakefield
2020-03-23,11,Plymouth
2020-03-23,11,Southampton
2020-03-23,11,Barnsley
2020-03-23,11,East Sussex
2020-03-23,10,York
2020-03-23,10,West Berkshire
2020-03-23,10,Shropshire
2020-03-23,10,Northumberland
2020-03-23,10,Sefton
2020-03-23,9,Wigan
2020-03-23,9,Doncaster
2020-03-23,8,Southend on Sea
2020-03-23,8,Reading
2020-03-23,8,Solihull
2020-03-23,7,Halton
2020-03-23,7,Warrington
2020-03-23,7,"Herefordshire, County of"
2020-03-23,7,North Somerset
2020-03-23,7,Swindon
2020-03-23,7,Bedford
2020-03-23,7,Calderdale
2020-03-23,6,Blackpool
2020-03-23,6,St Helens
2020-03-23,6,South Tyneside
2020-03-23,5,Knowsley
2020-03-23,4,Stoke on Trent
2020-03-23,4,Gateshead
2020-03-23,3,Hartlepool
2020-03-23,3,Middlesbrough
2020-03-23,3,Redcar and Cleveland
2020-03-23,3,Darlington
2020-03-23,3,North Lincolnshire
2020-03-23,3,Telford and Wrekin
2020-03-23,3,Peterborough
2020-03-23,3,Bracknell Forest
2020-03-23,2,Isle of Wight
2020-03-23,1,Blackburn with Darwen
2020-03-23,1,"Kingston upon Hull, City of"
2020-03-23,1,North East Lincolnshire
2020-03-24,207,Hampshire
2020-03-24,188,Lambeth
2020-03-24,187,Birmingham
2020-03-24,181,Southwark
2020-03-24,170,Brent
2020-03-24,155,Wandsworth
2020-03-24,143,Westminster
2020-03-24,139,Hertfordshire
2020-03-24,134,Harrow
2020-03-24,130,Sheffield
2020-03-24,129,Cumbria
2020-03-24,128,Croydon
2020-03-24,123,Ealing
2020-03-24,110,Surrey
2020-03-24,101,Derbyshire
2020-03-24,99,Barnet
2020-03-24,97,Lewisham
2020-03-24,93,Bromley
2020-03-24,91,Kensington and Chelsea
2020-03-24,85,Hillingdon
2020-03-24,84,Enfield
2020-03-24,84,Merton
2020-03-24,82,Hounslow
2020-03-24,81,Wolverhampton
2020-03-24,80,Essex
2020-03-24,78,Nottinghamshire
2020-03-24,77,Greenwich
2020-03-24,76,Newham
2020-03-24,76,Staffordshire
2020-03-24,74,Hackney and City of London
2020-03-24,72,Haringey
2020-03-24,72,Kent
2020-03-24,71,Lancashire
2020-03-24,70,Hammersmith and Fulham
2020-03-24,70,Tower Hamlets
2020-03-24,69,Oxfordshire
2020-03-24,66,Islington
2020-03-24,65,Leicestershire
2020-03-24,64,Camden
2020-03-24,61,Waltham Forest
2020-03-24,57,Redbridge
2020-03-24,52,Warwickshire
2020-03-24,52,West Sussex
2020-03-24,50,Buckinghamshire
2020-03-24,49,Nottingham
2020-03-24,49,Newcastle upon Tyne
2020-03-24,49,Gloucestershire
2020-03-24,48,Devon
2020-03-24,47,Sandwell
2020-03-24,47,Bexley
2020-03-24,45,Barking and Dagenham
2020-03-24,44,Havering
2020-03-24,43,Walsall
2020-03-24,42,Stockport
2020-03-24,42,Leeds
2020-03-24,42,Norfolk
2020-03-24,41,Manchester
2020-03-24,41,Liverpool
2020-03-24,40,Dudley
2020-03-24,40,Sutton
2020-03-24,38,Worcestershire
2020-03-24,37,Derby
2020-03-24,37,"Bristol, City of"
2020-03-24,37,Cambridgeshire
2020-03-24,37,Northamptonshire
2020-03-24,36,Kingston upon Thames
2020-03-24,36,Richmond upon Thames
2020-03-24,34,Wiltshire
2020-03-24,34,Oldham
2020-03-24,32,Tameside
2020-03-24,31,Trafford
2020-03-24,31,Salford
2020-03-24,30,Cornwall and Isles of Scilly
2020-03-24,30,North Yorkshire
2020-03-24,29,Portsmouth
2020-03-24,28,Suffolk
2020-03-24,27,Shropshire
2020-03-24,25,Milton Keynes
2020-03-24,25,Brighton and Hove
2020-03-24,25,Cheshire East
2020-03-24,24,Leicester
2020-03-24,24,Southampton
2020-03-24,24,Rochdale
2020-03-24,24,Coventry
2020-03-24,24,Lincolnshire
2020-03-24,22,Slough
2020-03-24,22,Central Bedfordshire
2020-03-24,21,North Somerset
2020-03-24,21,East Sussex
2020-03-24,21,Somerset
2020-03-24,20,North Tyneside
2020-03-24,20,Sunderland
2020-03-24,19,South Gloucestershire
2020-03-24,19,Luton
2020-03-24,19,Medway
2020-03-24,19,Bolton
2020-03-24,18,County Durham
2020-03-24,18,Cheshire West and Chester
2020-03-24,17,Bath and North East Somerset
2020-03-24,17,Torbay
2020-03-24,17,Bury
2020-03-24,17,Kirklees
2020-03-24,16,East Riding of Yorkshire
2020-03-24,16,Plymouth
2020-03-24,16,Rotherham
2020-03-24,15,"Herefordshire, County of"
2020-03-24,15,Thurrock
2020-03-24,15,Dorset
2020-03-24,15,Wirral
2020-03-24,15,Barnsley
2020-03-24,14,"Bournemouth, Christchurch and Poole"
2020-03-24,14,Bradford
2020-03-24,13,Windsor and Maidenhead
2020-03-24,13,Wokingham
2020-03-24,13,Northumberland
2020-03-24,13,Sefton
2020-03-24,13,Doncaster
2020-03-24,13,Wakefield
2020-03-24,12,Stockton on Tees
2020-03-24,12,West Berkshire
2020-03-24,12,Solihull
2020-03-24,11,York
2020-03-24,11,Wigan
2020-03-24,9,Telford and Wrekin
2020-03-24,9,Stoke on Trent
2020-03-24,8,Halton
2020-03-24,8,Warrington
2020-03-24,8,Blackpool
2020-03-24,8,Southend on Sea
2020-03-24,8,Reading
2020-03-24,8,Knowsley
2020-03-24,8,St Helens
2020-03-24,8,South Tyneside
2020-03-24,7,Middlesbrough
2020-03-24,7,Redcar and Cleveland
2020-03-24,7,Swindon
2020-03-24,7,Bedford
2020-03-24,7,Calderdale
2020-03-24,6,Peterborough
2020-03-24,5,North Lincolnshire
2020-03-24,5,Gateshead
2020-03-24,3,Hartlepool
2020-03-24,3,Darlington
2020-03-24,3,North East Lincolnshire
2020-03-24,3,Bracknell Forest
2020-03-24,3,Isle of Wight
2020-03-24,2,Blackburn with Darwen
2020-03-24,1,"Kingston upon Hull, City of"
2020-03-25,251,Hampshire
2020-03-25,228,Birmingham
2020-03-25,212,Lambeth
2020-03-25,209,Southwark
2020-03-25,192,Brent
2020-03-25,184,Wandsworth
2020-03-25,174,Sheffield
2020-03-25,163,Croydon
2020-03-25,152,Westminster
2020-03-25,147,Hertfordshire
2020-03-25,145,Harrow
2020-03-25,145,Cumbria
2020-03-25,136,Ealing
2020-03-25,125,Bromley
2020-03-25,117,Surrey
2020-03-25,114,Lewisham
2020-03-25,110,Derbyshire
2020-03-25,100,Barnet
2020-03-25,98,Wolverhampton
2020-03-25,98,Enfield
2020-03-25,98,Merton
2020-03-25,97,Greenwich
2020-03-25,97,Kensington and Chelsea
2020-03-25,97,Staffordshire
2020-03-25,96,Kent
2020-03-25,92,Nottinghamshire
2020-03-25,90,Hillingdon
2020-03-25,90,Hounslow
2020-03-25,88,Essex
2020-03-25,86,Oxfordshire
2020-03-25,85,Hackney and City of London
2020-03-25,80,Hammersmith and Fulham
2020-03-25,80,Leicestershire
2020-03-25,78,Lancashire
2020-03-25,77,Newham
2020-03-25,76,Haringey
2020-03-25,71,Camden
2020-03-25,71,Tower Hamlets
2020-03-25,70,Islington
2020-03-25,67,Redbridge
2020-03-25,63,Waltham Forest
2020-03-25,60,Walsall
2020-03-25,59,Bexley
2020-03-25,59,Buckinghamshire
2020-03-25,59,Warwickshire
2020-03-25,58,Newcastle upon Tyne
2020-03-25,57,Nottingham
2020-03-25,57,Liverpool
2020-03-25,57,Gloucestershire
2020-03-25,57,West Sussex
2020-03-25,55,Worcestershire
2020-03-25,53,Leeds
2020-03-25,53,Barking and Dagenham
2020-03-25,51,Dudley
2020-03-25,50,Sandwell
2020-03-25,50,Devon
2020-03-25,47,Salford
2020-03-25,47,Havering
2020-03-25,45,Manchester
2020-03-25,45,Stockport
2020-03-25,45,Sutton
2020-03-25,45,Norfolk
2020-03-25,45,North Yorkshire
2020-03-25,44,Richmond upon Thames
2020-03-25,43,Northamptonshire
2020-03-25,42,Oldham
2020-03-25,41,"Bristol, City of"
2020-03-25,41,Cambridgeshire
2020-03-25,40,Derby
2020-03-25,40,Trafford
2020-03-25,39,Wiltshire
2020-03-25,37,Cornwall and Isles of Scilly
2020-03-25,37,Kingston upon Thames
2020-03-25,35,Tameside
2020-03-25,35,Suffolk
2020-03-25,33,Portsmouth
2020-03-25,33,Shropshire
2020-03-25,32,Leicester
2020-03-25,31,Lincolnshire
2020-03-25,30,Cheshire East
2020-03-25,29,Luton
2020-03-25,29,Milton Keynes
2020-03-25,29,Rochdale
2020-03-25,28,Southampton
2020-03-25,25,South Gloucestershire
2020-03-25,25,Medway
2020-03-25,25,Brighton and Hove
2020-03-25,25,County Durham
2020-03-25,25,Sunderland
2020-03-25,25,Coventry
2020-03-25,24,Central Bedfordshire
2020-03-25,23,Dorset
2020-03-25,23,Bury
2020-03-25,23,North Tyneside
2020-03-25,22,Slough
2020-03-25,22,East Sussex
2020-03-25,22,Somerset
2020-03-25,21,North Somerset
2020-03-25,21,Plymouth
2020-03-25,21,Bolton
2020-03-25,20,Bath and North East Somerset
2020-03-25,20,Sefton
2020-03-25,20,Rotherham
2020-03-25,20,Kirklees
2020-03-25,19,East Riding of Yorkshire
2020-03-25,19,Northumberland
2020-03-25,19,Barnsley
2020-03-25,19,Solihull
2020-03-25,19,Wakefield
2020-03-25,18,Torbay
2020-03-25,18,Cheshire West and Chester
2020-03-25,16,West Berkshire
2020-03-25,16,St Helens
2020-03-25,16,Wirral
2020-03-25,16,Bradford
2020-03-25,15,"Herefordshire, County of"
2020-03-25,15,Thurrock
2020-03-25,15,"Bournemouth, Christchurch and Poole"
2020-03-25,15,Doncaster
2020-03-25,14,Stockton on Tees
2020-03-25,14,York
2020-03-25,14,Wigan
2020-03-25,13,Windsor and Maidenhead
2020-03-25,13,Wokingham
2020-03-25,12,Telford and Wrekin
2020-03-25,12,Stoke on Trent
2020-03-25,10,Redcar and Cleveland
2020-03-25,10,Gateshead
2020-03-25,9,Middlesbrough
2020-03-25,9,Warrington
2020-03-25,9,Peterborough
2020-03-25,9,Southend on Sea
2020-03-25,9,Reading
2020-03-25,9,Knowsley
2020-03-25,9,South Tyneside
2020-03-25,8,Halton
2020-03-25,8,Blackpool
2020-03-25,8,Swindon
2020-03-25,7,Bedford
2020-03-25,7,Calderdale
2020-03-25,5,North Lincolnshire
2020-03-25,4,Darlington
2020-03-25,3,Hartlepool
2020-03-25,3,Blackburn with Darwen
2020-03-25,3,North East Lincolnshire
2020-03-25,3,Bracknell Forest
2020-03-25,3,Isle of Wight
2020-03-25,2,"Kingston upon Hull, City of"
2020-03-26,290,Birmingham
2020-03-26,267,Hampshire
2020-03-26,253,Southwark
2020-03-26,248,Lambeth
2020-03-26,240,Sheffield
2020-03-26,228,Brent
2020-03-26,204,Wandsworth
2020-03-26,181,Croydon
2020-03-26,176,Cumbria
2020-03-26,172,Westminster
2020-03-26,170,Hertfordshire
2020-03-26,167,Harrow
2020-03-26,165,Ealing
2020-03-26,149,Bromley
2020-03-26,144,Lewisham
2020-03-26,142,Surrey
2020-03-26,139,Derbyshire
2020-03-26,130,Essex
2020-03-26,121,Staffordshire
2020-03-26,119,Hackney and City of London
2020-03-26,118,Greenwich
2020-03-26,112,Hounslow
2020-03-26,112,Kent
2020-03-26,110,Enfield
2020-03-26,110,Kensington and Chelsea
2020-03-26,109,Newham
2020-03-26,109,Nottinghamshire
2020-03-26,108,Merton
2020-03-26,103,Wolverhampton
2020-03-26,103,Barnet
2020-03-26,103,Hillingdon
2020-03-26,102,Lancashire
2020-03-26,98,Leicestershire
2020-03-26,98,Oxfordshire
2020-03-26,96,Islington
2020-03-26,95,Waltham Forest
2020-03-26,94,Hammersmith and Fulham
2020-03-26,93,Tower Hamlets
2020-03-26,91,Haringey
2020-03-26,89,Redbridge
2020-03-26,85,Camden
2020-03-26,80,Newcastle upon Tyne
2020-03-26,78,Walsall
2020-03-26,77,Bexley
2020-03-26,76,Worcestershire
2020-03-26,74,Warwickshire
2020-03-26,72,Liverpool
2020-03-26,72,Barking and Dagenham
2020-03-26,70,Havering
2020-03-26,69,West Sussex
2020-03-26,67,Nottingham
2020-03-26,67,Leeds
2020-03-26,66,Buckinghamshire
2020-03-26,65,Sandwell
2020-03-26,64,Gloucestershire
2020-03-26,64,Northamptonshire
2020-03-26,60,Dudley
2020-03-26,58,Derby
2020-03-26,55,Manchester
2020-03-26,55,Richmond upon Thames
2020-03-26,55,Devon
2020-03-26,54,Sutton
2020-03-26,52,Salford
2020-03-26,51,"Bristol, City of"
2020-03-26,51,Norfolk
2020-03-26,50,North Yorkshire
2020-03-26,48,Oldham
2020-03-26,48,Stockport
2020-03-26,47,Cambridgeshire
2020-03-26,46,Trafford
2020-03-26,45,Leicester
2020-03-26,44,Shropshire
2020-03-26,43,Cornwall and Isles of Scilly
2020-03-26,43,Wiltshire
2020-03-26,42,Portsmouth
2020-03-26,42,Kingston upon Thames
2020-03-26,42,Suffolk
2020-03-26,40,Tameside
2020-03-26,38,Milton Keynes
2020-03-26,38,Rochdale
2020-03-26,35,Coventry
2020-03-26,32,Medway
2020-03-26,32,Southampton
2020-03-26,32,Lincolnshire
2020-03-26,31,South Gloucestershire
2020-03-26,31,Cheshire East
2020-03-26,30,Luton
2020-03-26,30,Brighton and Hove
2020-03-26,30,Rotherham
2020-03-26,29,County Durham
2020-03-26,29,Solihull
2020-03-26,28,Central Bedfordshire
2020-03-26,27,Bury
2020-03-26,27,Barnsley
2020-03-26,27,North Tyneside
2020-03-26,27,Sunderland
2020-03-26,26,Plymouth
2020-03-26,26,East Sussex
2020-03-26,25,Dorset
2020-03-26,25,Bolton
2020-03-26,24,Cheshire West and Chester
2020-03-26,24,Sefton
2020-03-26,24,Kirklees
2020-03-26,24,Wakefield
2020-03-26,23,Bath and North East Somerset
2020-03-26,23,Northumberland
2020-03-26,23,Bradford
2020-03-26,23,Somerset
2020-03-26,22,North Somerset
2020-03-26,22,Slough
2020-03-26,22,Wirral
2020-03-26,21,East Riding of Yorkshire
2020-03-26,21,"Herefordshire, County of"
2020-03-26,21,Torbay
2020-03-26,21,Doncaster
2020-03-26,20,Thurrock
2020-03-26,18,West Berkshire
2020-03-26,17,Telford and Wrekin
2020-03-26,17,St Helens
2020-03-26,16,Stockton on Tees
2020-03-26,16,Stoke on Trent
2020-03-26,16,Wigan
2020-03-26,15,"Bournemouth, Christchurch and Poole"
2020-03-26,14,York
2020-03-26,14,Windsor and Maidenhead
2020-03-26,13,Wokingham
2020-03-26,12,Southend on Sea
2020-03-26,12,Knowsley
2020-03-26,12,Gateshead
2020-03-26,11,Swindon
2020-03-26,10,Redcar and Cleveland
2020-03-26,10,Warrington
2020-03-26,10,Peterborough
2020-03-26,10,Reading
2020-03-26,10,Bedford
2020-03-26,10,South Tyneside
2020-03-26,9,Middlesbrough
2020-03-26,9,Calderdale
2020-03-26,8,Halton
2020-03-26,8,Blackpool
2020-03-26,7,Isle of Wight
2020-03-26,6,Blackburn with Darwen
2020-03-26,6,North Lincolnshire
2020-03-26,5,Darlington
2020-03-26,5,North East Lincolnshire
2020-03-26,4,"Kingston upon Hull, City of"
2020-03-26,3,Hartlepool
2020-03-26,3,Bracknell Forest
2020-03-27,366,Birmingham
2020-03-27,317,Hampshire
2020-03-27,290,Southwark
2020-03-27,286,Sheffield
2020-03-27,276,Lambeth
2020-03-27,271,Surrey
2020-03-27,265,Brent
2020-03-27,228,Wandsworth
2020-03-27,219,Croydon
2020-03-27,211,Cumbria
2020-03-27,209,Ealing
2020-03-27,206,Hertfordshire
2020-03-27,196,Harrow
2020-03-27,189,Westminster
2020-03-27,188,Bromley
2020-03-27,182,Kent
2020-03-27,170,Derbyshire
2020-03-27,166,Essex
2020-03-27,158,Lewisham
2020-03-27,148,Newham
2020-03-27,145,Staffordshire
2020-03-27,141,Lancashire
2020-03-27,136,Enfield
2020-03-27,135,Nottinghamshire
2020-03-27,134,Hackney and City of London
2020-03-27,130,Waltham Forest
2020-03-27,129,Hillingdon
2020-03-27,129,Tower Hamlets
2020-03-27,128,Wolverhampton
2020-03-27,128,Greenwich
2020-03-27,128,Merton
2020-03-27,128,Leicestershire
2020-03-27,126,Hounslow
2020-03-27,121,Newcastle upon Tyne
2020-03-27,120,Islington
2020-03-27,116,Kensington and Chelsea
2020-03-27,115,Barnet
2020-03-27,115,Redbridge
2020-03-27,113,Haringey
2020-03-27,113,Oxfordshire
2020-03-27,112,Hammersmith and Fulham
2020-03-27,106,Buckinghamshire
2020-03-27,103,Sandwell
2020-03-27,101,Warwickshire
2020-03-27,100,Liverpool
2020-03-27,100,Walsall
2020-03-27,99,Camden
2020-03-27,93,Worcestershire
2020-03-27,86,Northamptonshire
2020-03-27,86,West Sussex
2020-03-27,85,Bexley
2020-03-27,82,Barking and Dagenham
2020-03-27,82,Havering
2020-03-27,81,Dudley
2020-03-27,80,Leeds
2020-03-27,79,Nottingham
2020-03-27,78,Gloucestershire
2020-03-27,77,Derby
2020-03-27,70,Norfolk
2020-03-27,69,Sutton
2020-03-27,69,North Yorkshire
2020-03-27,68,Richmond upon Thames
2020-03-27,68,Cambridgeshire
2020-03-27,65,Devon
2020-03-27,63,Manchester
2020-03-27,61,Leicester
2020-03-27,61,Suffolk
2020-03-27,59,Slough
2020-03-27,59,Stockport
2020-03-27,58,Milton Keynes
2020-03-27,58,Salford
2020-03-27,56,"Bristol, City of"
2020-03-27,56,County Durham
2020-03-27,55,Sunderland
2020-03-27,54,Wiltshire
2020-03-27,53,Shropshire
2020-03-27,53,Trafford
2020-03-27,52,Kingston upon Thames
2020-03-27,51,Oldham
2020-03-27,50,Portsmouth
2020-03-27,48,Medway
2020-03-27,48,Cornwall and Isles of Scilly
2020-03-27,47,Luton
2020-03-27,47,Coventry
2020-03-27,45,Northumberland
2020-03-27,43,Tameside
2020-03-27,42,Central Bedfordshire
2020-03-27,42,Barnsley
2020-03-27,40,Rochdale
2020-03-27,39,Rotherham
2020-03-27,39,Solihull
2020-03-27,39,East Sussex
2020-03-27,39,Lincolnshire
2020-03-27,37,South Gloucestershire
2020-03-27,37,Windsor and Maidenhead
2020-03-27,37,Southampton
2020-03-27,36,North Tyneside
2020-03-27,35,Cheshire East
2020-03-27,34,Wakefield
2020-03-27,33,Brighton and Hove
2020-03-27,33,Kirklees
2020-03-27,32,Plymouth
2020-03-27,32,West Berkshire
2020-03-27,32,St Helens
2020-03-27,32,Wirral
2020-03-27,30,Bury
2020-03-27,30,Sefton
2020-03-27,29,Dorset
2020-03-27,29,Bradford
2020-03-27,27,Bolton
2020-03-27,26,Bath and North East Somerset
2020-03-27,26,Thurrock
2020-03-27,25,Reading
2020-03-27,25,Cheshire West and Chester
2020-03-27,25,Somerset
2020-03-27,24,Stockton on Tees
2020-03-27,24,North Somerset
2020-03-27,24,Doncaster
2020-03-27,23,East Riding of Yorkshire
2020-03-27,23,"Herefordshire, County of"
2020-03-27,23,Torbay
2020-03-27,23,Gateshead
2020-03-27,22,Wokingham
2020-03-27,21,Telford and Wrekin
2020-03-27,21,Stoke on Trent
2020-03-27,21,Wigan
2020-03-27,20,Bedford
2020-03-27,20,"Bournemouth, Christchurch and Poole"
2020-03-27,19,South Tyneside
2020-03-27,17,Middlesbrough
2020-03-27,17,York
2020-03-27,17,Southend on Sea
2020-03-27,16,Swindon
2020-03-27,16,Bracknell Forest
2020-03-27,15,Warrington
2020-03-27,15,Knowsley
2020-03-27,13,Redcar and Cleveland
2020-03-27,11,Darlington
2020-03-27,11,Peterborough
2020-03-27,11,Calderdale
2020-03-27,10,Halton
2020-03-27,9,Blackpool
2020-03-27,8,Isle of Wight
2020-03-27,7,Blackburn with Darwen
2020-03-27,6,Hartlepool
2020-03-27,6,North Lincolnshire
2020-03-27,5,"Kingston upon Hull, City of"
2020-03-27,5,North East Lincolnshire
2020-03-28,428,Birmingham
2020-03-28,384,Hampshire
2020-03-28,361,Sheffield
2020-03-28,319,Southwark
2020-03-28,318,Lambeth
2020-03-28,314,Surrey
2020-03-28,295,Brent
2020-03-28,265,Wandsworth
2020-03-28,262,Hertfordshire
2020-03-28,261,Croydon
2020-03-28,241,Ealing
2020-03-28,238,Cumbria
2020-03-28,230,Kent
2020-03-28,225,Harrow
2020-03-28,217,Bromley
2020-03-28,213,Essex
2020-03-28,206,Westminster
2020-03-28,195,Newham
2020-03-28,194,Derbyshire
2020-03-28,188,Lewisham
2020-03-28,186,Staffordshire
2020-03-28,177,Nottinghamshire
2020-03-28,167,Lancashire
2020-03-28,160,Tower Hamlets
2020-03-28,154,Waltham Forest
2020-03-28,151,Hackney and City of London
2020-03-28,148,Greenwich
2020-03-28,144,Enfield
2020-03-28,141,Wolverhampton
2020-03-28,141,Merton
2020-03-28,140,Hillingdon
2020-03-28,139,Hounslow
2020-03-28,136,Leicestershire
2020-03-28,135,Newcastle upon Tyne
2020-03-28,132,Liverpool
2020-03-28,131,Islington
2020-03-28,128,Redbridge
2020-03-28,127,Haringey
2020-03-28,124,Hammersmith and Fulham
2020-03-28,123,Kensington and Chelsea
2020-03-28,121,Oxfordshire
2020-03-28,117,Barnet
2020-03-28,116,Sandwell
2020-03-28,115,Camden
2020-03-28,115,Buckinghamshire
2020-03-28,113,Warwickshire
2020-03-28,110,West Sussex
2020-03-28,108,Walsall
2020-03-28,108,Worcestershire
2020-03-28,106,Northamptonshire
2020-03-28,105,Gloucestershire
2020-03-28,102,Bexley
2020-03-28,101,Havering
2020-03-28,100,Derby
2020-03-28,95,Leeds
2020-03-28,93,Barking and Dagenham
2020-03-28,91,Nottingham
2020-03-28,90,Norfolk
2020-03-28,85,Cambridgeshire
2020-03-28,84,Devon
2020-03-28,83,Dudley
2020-03-28,83,Richmond upon Thames
2020-03-28,82,Sutton
2020-03-28,78,Salford
2020-03-28,76,Manchester
2020-03-28,75,North Yorkshire
2020-03-28,74,Suffolk
2020-03-28,73,Oldham
2020-03-28,71,Milton Keynes
2020-03-28,69,Slough
2020-03-28,69,County Durham
2020-03-28,68,Sunderland
2020-03-28,66,Stockport
2020-03-28,66,Kingston upon Thames
2020-03-28,65,Leicester
2020-03-28,65,"Bristol, City of"
2020-03-28,64,Portsmouth
2020-03-28,64,Trafford
2020-03-28,62,Barnsley
2020-03-28,58,Wiltshire
2020-03-28,57,Rotherham
2020-03-28,56,Shropshire
2020-03-28,56,Cornwall and Isles of Scilly
2020-03-28,54,Coventry
2020-03-28,54,Solihull
2020-03-28,53,Luton
2020-03-28,53,Northumberland
2020-03-28,53,Lincolnshire
2020-03-28,52,Rochdale
2020-03-28,52,Tameside
2020-03-28,50,Medway
2020-03-28,49,South Gloucestershire
2020-03-28,48,Central Bedfordshire
2020-03-28,46,North Tyneside
2020-03-28,44,Windsor and Maidenhead
2020-03-28,43,East Sussex
2020-03-28,42,Cheshire East
2020-03-28,41,Southampton
2020-03-28,40,Bury
2020-03-28,40,Wirral
2020-03-28,40,Wakefield
2020-03-28,39,Plymouth
2020-03-28,38,Doncaster
2020-03-28,38,Kirklees
2020-03-28,37,Bradford
2020-03-28,36,West Berkshire
2020-03-28,35,Sefton
2020-03-28,33,Thurrock
2020-03-28,33,Brighton and Hove
2020-03-28,33,Bolton
2020-03-28,33,St Helens
2020-03-28,32,Bath and North East Somerset
2020-03-28,31,North Somerset
2020-03-28,31,Cheshire West and Chester
2020-03-28,31,Gateshead
2020-03-28,31,Somerset
2020-03-28,30,Dorset
2020-03-28,30,Wigan
2020-03-28,29,Stockton on Tees
2020-03-28,27,Stoke on Trent
2020-03-28,27,Reading
2020-03-28,26,East Riding of Yorkshire
2020-03-28,25,"Herefordshire, County of"
2020-03-28,25,Torbay
2020-03-28,25,Bedford
2020-03-28,25,"Bournemouth, Christchurch and Poole"
2020-03-28,23,Telford and Wrekin
2020-03-28,23,Southend on Sea
2020-03-28,23,Wokingham
2020-03-28,22,South Tyneside
2020-03-28,20,Peterborough
2020-03-28,19,Middlesbrough
2020-03-28,19,Warrington
2020-03-28,19,York
2020-03-28,19,Knowsley
2020-03-28,18,Swindon
2020-03-28,17,Bracknell Forest
2020-03-28,15,Redcar and Cleveland
2020-03-28,15,Calderdale
2020-03-28,14,Darlington
2020-03-28,12,Halton
2020-03-28,10,Blackburn with Darwen
2020-03-28,10,Blackpool
2020-03-28,10,Isle of Wight
2020-03-28,8,North East Lincolnshire
2020-03-28,7,Hartlepool
2020-03-28,7,North Lincolnshire
2020-03-28,5,"Kingston upon Hull, City of"
2020-03-28,2,Rutland
2020-03-29,513,Birmingham
2020-03-29,432,Hampshire
2020-03-29,387,Sheffield
2020-03-29,365,Southwark
2020-03-29,358,Lambeth
2020-03-29,338,Surrey
2020-03-29,321,Brent
2020-03-29,292,Cumbria
2020-03-29,289,Croydon
2020-03-29,287,Wandsworth
2020-03-29,282,Hertfordshire
2020-03-29,268,Bromley
2020-03-29,265,Ealing
2020-03-29,253,Kent
2020-03-29,251,Harrow
2020-03-29,244,Essex
2020-03-29,231,Lancashire
2020-03-29,230,Newham
2020-03-29,226,Westminster
2020-03-29,218,Lewisham
2020-03-29,212,Staffordshire
2020-03-29,210,Derbyshire
2020-03-29,193,Nottinghamshire
2020-03-29,184,Tower Hamlets
2020-03-29,182,Waltham Forest
2020-03-29,177,Hackney and City of London
2020-03-29,168,Greenwich
2020-03-29,163,Hillingdon
2020-03-29,161,Merton
2020-03-29,157,Liverpool
2020-03-29,155,Newcastle upon Tyne
2020-03-29,153,Wolverhampton
2020-03-29,152,Hounslow
2020-03-29,151,Enfield
2020-03-29,144,Hammersmith and Fulham
2020-03-29,143,Redbridge
2020-03-29,141,Haringey
2020-03-29,141,Islington
2020-03-29,141,Kensington and Chelsea
2020-03-29,141,Leicestershire
2020-03-29,140,Oxfordshire
2020-03-29,138,Sandwell
2020-03-29,128,Buckinghamshire
2020-03-29,127,Warwickshire
2020-03-29,126,Northamptonshire
2020-03-29,126,Worcestershire
2020-03-29,125,Walsall
2020-03-29,122,Dudley
2020-03-29,119,Barnet
2020-03-29,119,Bexley
2020-03-29,119,Camden
2020-03-29,113,Leeds
2020-03-29,113,West Sussex
2020-03-29,107,Gloucestershire
2020-03-29,107,Norfolk
2020-03-29,105,Derby
2020-03-29,105,Havering
2020-03-29,100,Barking and Dagenham
2020-03-29,100,Cambridgeshire
2020-03-29,97,Nottingham
2020-03-29,94,Richmond upon Thames
2020-03-29,93,Sutton
2020-03-29,92,Salford
2020-03-29,91,Manchester
2020-03-29,91,Devon
2020-03-29,88,North Yorkshire
2020-03-29,87,Suffolk
2020-03-29,82,Milton Keynes
2020-03-29,82,Oldham
2020-03-29,82,Kingston upon Thames
2020-03-29,81,County Durham
2020-03-29,79,Stockport
2020-03-29,79,Coventry
2020-03-29,78,"Bristol, City of"
2020-03-29,77,Trafford
2020-03-29,76,Sunderland
2020-03-29,74,Solihull
2020-03-29,73,Slough
2020-03-29,72,Lincolnshire
2020-03-29,70,Portsmouth
2020-03-29,70,Barnsley
2020-03-29,67,Shropshire
2020-03-29,67,Wiltshire
2020-03-29,65,Leicester
2020-03-29,65,Rochdale
2020-03-29,64,Cornwall and Isles of Scilly
2020-03-29,63,Luton
2020-03-29,62,North Tyneside
2020-03-29,61,Northumberland
2020-03-29,60,Rotherham
2020-03-29,60,Kirklees
2020-03-29,58,Tameside
2020-03-29,57,Medway
2020-03-29,56,Central Bedfordshire
2020-03-29,55,Bury
2020-03-29,54,Cheshire East
2020-03-29,54,Wakefield
2020-03-29,53,South Gloucestershire
2020-03-29,48,Windsor and Maidenhead
2020-03-29,46,Bradford
2020-03-29,45,Sefton
2020-03-29,44,Wirral
2020-03-29,44,Doncaster
2020-03-29,44,Gateshead
2020-03-29,44,East Sussex
2020-03-29,43,Southampton
2020-03-29,42,Plymouth
2020-03-29,42,Bolton
2020-03-29,40,West Berkshire
2020-03-29,39,Wigan
2020-03-29,39,St Helens
2020-03-29,37,Thurrock
2020-03-29,36,Bath and North East Somerset
2020-03-29,36,Dorset
2020-03-29,36,Somerset
2020-03-29,34,Stockton on Tees
2020-03-29,34,Telford and Wrekin
2020-03-29,34,Cheshire West and Chester
2020-03-29,34,"Bournemouth, Christchurch and Poole"
2020-03-29,33,Brighton and Hove
2020-03-29,32,North Somerset
2020-03-29,32,Bedford
2020-03-29,31,East Riding of Yorkshire
2020-03-29,30,Torbay
2020-03-29,29,Calderdale
2020-03-29,28,Stoke on Trent
2020-03-29,27,Reading
2020-03-29,27,South Tyneside
2020-03-29,26,Middlesbrough
2020-03-29,26,Swindon
2020-03-29,26,Knowsley
2020-03-29,25,Redcar and Cleveland
2020-03-29,25,"Herefordshire, County of"
2020-03-29,24,Southend on Sea
2020-03-29,23,Wokingham
2020-03-29,21,Warrington
2020-03-29,21,York
2020-03-29,21,Peterborough
2020-03-29,19,Bracknell Forest
2020-03-29,16,Halton
2020-03-29,16,North East Lincolnshire
2020-03-29,15,Darlington
2020-03-29,13,North Lincolnshire
2020-03-29,12,Blackburn with Darwen
2020-03-29,11,Hartlepool
2020-03-29,10,Blackpool
2020-03-29,10,Isle of Wight
2020-03-29,9,"Kingston upon Hull, City of"
2020-03-29,2,Rutland
2020-03-30,578,Birmingham
2020-03-30,498,Hampshire
2020-03-30,428,Sheffield
2020-03-30,368,Southwark
2020-03-30,366,Lambeth
2020-03-30,359,Brent
2020-03-30,358,Surrey
2020-03-30,340,Cumbria
2020-03-30,339,Hertfordshire
2020-03-30,314,Wandsworth
2020-03-30,313,Croydon
2020-03-30,304,Ealing
2020-03-30,301,Essex
2020-03-30,296,Kent
2020-03-30,283,Harrow
2020-03-30,278,Lancashire
2020-03-30,277,Bromley
2020-03-30,256,Staffordshire
2020-03-30,250,Newham
2020-03-30,248,Lewisham
2020-03-30,241,Westminster
2020-03-30,225,Derbyshire
2020-03-30,216,Nottinghamshire
2020-03-30,197,Liverpool
2020-03-30,196,Waltham Forest
2020-03-30,195,Tower Hamlets
2020-03-30,192,Hillingdon
2020-03-30,189,Hackney and City of London
2020-03-30,186,Newcastle upon Tyne
2020-03-30,185,Greenwich
2020-03-30,184,Hounslow
2020-03-30,175,Wolverhampton
2020-03-30,172,Merton
2020-03-30,170,Kensington and Chelsea
2020-03-30,165,Oxfordshire
2020-03-30,164,Enfield
2020-03-30,161,Redbridge
2020-03-30,158,Hammersmith and Fulham
2020-03-30,153,Northamptonshire
2020-03-30,152,Islington
2020-03-30,151,Walsall
2020-03-30,151,Haringey
2020-03-30,148,Warwickshire
2020-03-30,146,Leicestershire
2020-03-30,146,Worcestershire
2020-03-30,144,Sandwell
2020-03-30,140,Buckinghamshire
2020-03-30,136,Dudley
2020-03-30,133,Norfolk
2020-03-30,130,Bexley
2020-03-30,129,Leeds
2020-03-30,127,Camden
2020-03-30,124,Barnet
2020-03-30,118,Derby
2020-03-30,118,Havering
2020-03-30,115,Barking and Dagenham
2020-03-30,113,West Sussex
2020-03-30,112,Richmond upon Thames
2020-03-30,111,Sutton
2020-03-30,109,Manchester
2020-03-30,109,Cambridgeshire
2020-03-30,109,Gloucestershire
2020-03-30,108,North Yorkshire
2020-03-30,104,Salford
2020-03-30,101,Oldham
2020-03-30,101,Coventry
2020-03-30,101,Devon
2020-03-30,100,County Durham
2020-03-30,100,Suffolk
2020-03-30,99,Nottingham
2020-03-30,94,Milton Keynes
2020-03-30,93,Stockport
2020-03-30,92,"Bristol, City of"
2020-03-30,92,Kingston upon Thames
2020-03-30,87,Solihull
2020-03-30,86,Trafford
2020-03-30,86,Sunderland
2020-03-30,79,Barnsley
2020-03-30,78,Shropshire
2020-03-30,78,Rochdale
2020-03-30,78,Lincolnshire
2020-03-30,76,Wiltshire
2020-03-30,73,Slough
2020-03-30,72,Medway
2020-03-30,72,Portsmouth
2020-03-30,72,Kirklees
2020-03-30,71,North Tyneside
2020-03-30,70,Rotherham
2020-03-30,69,Luton
2020-03-30,69,Cornwall and Isles of Scilly
2020-03-30,68,Southampton
2020-03-30,67,Northumberland
2020-03-30,65,Leicester
2020-03-30,63,Bradford
2020-03-30,62,Tameside
2020-03-30,62,Wakefield
2020-03-30,61,Cheshire East
2020-03-30,60,Central Bedfordshire
2020-03-30,59,Bury
2020-03-30,58,South Gloucestershire
2020-03-30,57,Sefton
2020-03-30,56,Wirral
2020-03-30,53,Wigan
2020-03-30,52,Gateshead
2020-03-30,49,St Helens
2020-03-30,49,Doncaster
2020-03-30,48,Windsor and Maidenhead
2020-03-30,47,Bolton
2020-03-30,46,Somerset
2020-03-30,45,Cheshire West and Chester
2020-03-30,45,Dorset
2020-03-30,45,East Sussex
2020-03-30,44,Plymouth
2020-03-30,43,Stockton on Tees
2020-03-30,41,Thurrock
2020-03-30,41,West Berkshire
2020-03-30,40,Telford and Wrekin
2020-03-30,39,Bath and North East Somerset
2020-03-30,39,"Bournemouth, Christchurch and Poole"
2020-03-30,39,Calderdale
2020-03-30,36,North Somerset
2020-03-30,35,East Riding of Yorkshire
2020-03-30,35,Torbay
2020-03-30,34,Redcar and Cleveland
2020-03-30,34,Bedford
2020-03-30,34,Knowsley
2020-03-30,33,Middlesbrough
2020-03-30,33,Stoke on Trent
2020-03-30,33,Brighton and Hove
2020-03-30,31,Southend on Sea
2020-03-30,31,South Tyneside
2020-03-30,30,York
2020-03-30,28,Swindon
2020-03-30,28,Reading
2020-03-30,25,"Herefordshire, County of"
2020-03-30,24,Peterborough
2020-03-30,23,Wokingham
2020-03-30,22,Warrington
2020-03-30,21,Bracknell Forest
2020-03-30,20,North East Lincolnshire
2020-03-30,19,Halton
2020-03-30,18,Blackpool
2020-03-30,16,Darlington
2020-03-30,15,North Lincolnshire
2020-03-30,14,Blackburn with Darwen
2020-03-30,12,Hartlepool
2020-03-30,11,"Kingston upon Hull, City of"
2020-03-30,11,Isle of Wight
2020-03-30,2,Rutland
2020-03-31,650,Birmingham
2020-03-31,567,Hampshire
2020-03-31,451,Sheffield
2020-03-31,418,Lambeth
2020-03-31,415,Southwark
2020-03-31,396,Hertfordshire
2020-03-31,387,Surrey
2020-03-31,384,Brent
2020-03-31,383,Kent
2020-03-31,380,Cumbria
2020-03-31,380,Essex
2020-03-31,344,Croydon
2020-03-31,337,Wandsworth
2020-03-31,317,Ealing
2020-03-31,313,Lancashire
2020-03-31,302,Harrow
2020-03-31,295,Bromley
2020-03-31,287,Newham
2020-03-31,281,Staffordshire
2020-03-31,275,Lewisham
2020-03-31,269,Westminster
2020-03-31,257,Derbyshire
2020-03-31,230,Waltham Forest
2020-03-31,225,Tower Hamlets
2020-03-31,218,Nottinghamshire
2020-03-31,217,Liverpool
2020-03-31,213,Hackney and City of London
2020-03-31,209,Hillingdon
2020-03-31,201,Newcastle upon Tyne
2020-03-31,200,Greenwich
2020-03-31,198,Oxfordshire
2020-03-31,195,Hounslow
2020-03-31,186,Merton
2020-03-31,183,Wolverhampton
2020-03-31,180,Kensington and Chelsea
2020-03-31,177,Redbridge
2020-03-31,176,Walsall
2020-03-31,174,Enfield
2020-03-31,170,Leicestershire
2020-03-31,170,Northamptonshire
2020-03-31,170,Worcestershire
2020-03-31,168,Hammersmith and Fulham
2020-03-31,161,Haringey
2020-03-31,161,Islington
2020-03-31,161,Warwickshire
2020-03-31,158,Sandwell
2020-03-31,156,Gloucestershire
2020-03-31,150,Leeds
2020-03-31,149,Dudley
2020-03-31,148,Norfolk
2020-03-31,147,Buckinghamshire
2020-03-31,146,West Sussex
2020-03-31,143,Camden
2020-03-31,137,Bexley
2020-03-31,130,Barnet
2020-03-31,129,Cambridgeshire
2020-03-31,127,Salford
2020-03-31,127,Havering
2020-03-31,126,Manchester
2020-03-31,125,Barking and Dagenham
2020-03-31,123,Richmond upon Thames
2020-03-31,122,Derby
2020-03-31,122,North Yorkshire
2020-03-31,121,Devon
2020-03-31,120,County Durham
2020-03-31,117,Solihull
2020-03-31,116,Suffolk
2020-03-31,115,Sutton
2020-03-31,108,Oldham
2020-03-31,108,Coventry
2020-03-31,106,Milton Keynes
2020-03-31,104,Lincolnshire
2020-03-31,103,"Bristol, City of"
2020-03-31,101,Stockport
2020-03-31,100,Nottingham
2020-03-31,100,Barnsley
2020-03-31,99,Kingston upon Thames
2020-03-31,96,Trafford
2020-03-31,93,Sunderland
2020-03-31,89,Leicester
2020-03-31,89,Rochdale
2020-03-31,86,Luton
2020-03-31,85,Shropshire
2020-03-31,84,Kirklees
2020-03-31,83,Wiltshire
2020-03-31,81,Cornwall and Isles of Scilly
2020-03-31,80,Bradford
2020-03-31,78,Medway
2020-03-31,78,Portsmouth
2020-03-31,78,Central Bedfordshire
2020-03-31,78,Rotherham
2020-03-31,76,Southampton
2020-03-31,76,Northumberland
2020-03-31,76,North Tyneside
2020-03-31,74,Cheshire East
2020-03-31,73,Slough
2020-03-31,73,Sefton
2020-03-31,73,East Sussex
2020-03-31,72,Bury
2020-03-31,72,Wakefield
2020-03-31,69,Tameside
2020-03-31,69,Wirral
2020-03-31,66,South Gloucestershire
2020-03-31,65,Wigan
2020-03-31,65,Gateshead
2020-03-31,61,St Helens
2020-03-31,60,Bedford
2020-03-31,56,Doncaster
2020-03-31,54,Thurrock
2020-03-31,54,Cheshire West and Chester
2020-03-31,54,Dorset
2020-03-31,54,Somerset
2020-03-31,51,"Bournemouth, Christchurch and Poole"
2020-03-31,50,Plymouth
2020-03-31,49,Windsor and Maidenhead
2020-03-31,48,Bolton
2020-03-31,47,Stockton on Tees
2020-03-31,44,Middlesbrough
2020-03-31,44,Brighton and Hove
2020-03-31,44,Calderdale
2020-03-31,43,Redcar and Cleveland
2020-03-31,43,West Berkshire
2020-03-31,42,Knowsley
2020-03-31,41,Bath and North East Somerset
2020-03-31,40,Telford and Wrekin
2020-03-31,40,North Somerset
2020-03-31,39,Southend on Sea
2020-03-31,38,East Riding of Yorkshire
2020-03-31,37,Stoke on Trent
2020-03-31,36,Torbay
2020-03-31,36,Peterborough
2020-03-31,35,"Herefordshire, County of"
2020-03-31,33,South Tyneside
2020-03-31,32,Warrington
2020-03-31,32,York
2020-03-31,29,Swindon
2020-03-31,29,Reading
2020-03-31,25,Halton
2020-03-31,24,Wokingham
2020-03-31,23,Darlington
2020-03-31,21,North East Lincolnshire
2020-03-31,21,Bracknell Forest
2020-03-31,20,Blackburn with Darwen
2020-03-31,18,Blackpool
2020-03-31,17,North Lincolnshire
2020-03-31,13,Isle of Wight
2020-03-31,12,Hartlepool
2020-03-31,11,"Kingston upon Hull, City of"
2020-03-31,3,Rutland
2020-04-01,8341,London
2020-04-01,4139,Midlands
2020-04-01,3108,South East
2020-04-01,2829,North East and Yorkshire
2020-04-01,2413,North West
2020-04-01,1841,East of England
2020-04-01,1085,South West
2020-04-02,9291,London
2020-04-02,4694,Midlands
2020-04-02,3392,South East
2020-04-02,3269,North East and Yorkshire
2020-04-02,3066,North West
2020-04-02,2233,East of England
2020-04-02,1254,South West
2020-04-03,10247,London
2020-04-03,5537,Midlands
2020-04-03,3823,North East and Yorkshire
2020-04-03,3732,South East
2020-04-03,3537,North West
2020-04-03,2384,East of England
2020-04-03,1386,South West
2020-04-04,10764,London
2020-04-04,6127,Midlands
2020-04-04,4177,South East
2020-04-04,4093,North West
2020-04-04,4092,North East and Yorkshire
2020-04-04,2613,East of England
2020-04-04,1536,South West
2020-04-05,11978,London
2020-04-05,6913,Midlands
2020-04-05,4969,North East and Yorkshire
2020-04-05,4826,North West
2020-04-05,4576,South East
2020-04-05,3150,East of England
2020-04-05,1827,South West
2020-04-06,12636,London
2020-04-06,7385,Midlands
2020-04-06,5549,North West
2020-04-06,5422,North East and Yorkshire
2020-04-06,4897,South East
2020-04-06,3402,East of England
2020-04-06,1976,South West
2020-04-07,13378,London
2020-04-07,7806,Midlands
2020-04-07,6090,North West
2020-04-07,5583,North East and Yorkshire
2020-04-07,5539,South East
2020-04-07,3707,East of England
2020-04-07,2047,South West
2020-04-08,14355,London
2020-04-08,8589,Midlands
2020-04-08,6640,North West
2020-04-08,6501,North East and Yorkshire
2020-04-08,6238,South East
2020-04-08,4165,East of England
2020-04-08,2277,South West
2020-04-09,15217,London
2020-04-09,9063,Midlands
2020-04-09,7339,North West
2020-04-09,7061,North East and Yorkshire
2020-04-09,6739,South East
2020-04-09,4438,East of England
2020-04-09,2472,South West
2020-04-10,16011,London
2020-04-10,9704,Midlands
2020-04-10,8021,North West
2020-04-10,7703,North East and Yorkshire
2020-04-10,7304,South East
2020-04-10,4872,East of England
2020-04-10,2747,South West
2020-04-11,16721,London
2020-04-11,10368,Midlands
2020-04-11,8604,North West
2020-04-11,8181,North East and Yorkshire
2020-04-11,7872,South East
2020-04-11,5302,East of England
2020-04-11,2963,South West
2020-04-12,17479,London
2020-04-12,10819,Midlands
2020-04-12,9452,North West
2020-04-12,8691,North East and Yorkshire
2020-04-12,8244,South East
2020-04-12,5651,East of England
2020-04-12,3193,South West
